{
  "TcpModeEnable": 0,
  "SendFramePeriod": 500,
  "dataset": [
    {
      "DevIndex": "0",
      "S_link": 7,
      "S_linkDev": 1,
      "data": [
        {
          "ModbusCmd": 3,
          "StoreRegStartAddr": 1,
          "DataItemCount": 2,
          "SlaveDevAddr": 204,
          "ModbusRegAddr": 3,
          "GetRegCount": 3,
          "AreaNum": 0,
          "DataProperty": 1,
          "DataType": "ModbusDataType_MultiType",
          "DataTypeEnum": 7,
          "LowAddr": 3,
          "HighAddr": 5,
          "DataFormat": 0,
          "KeyMode": null,
          "KeyCoe": null,
          "DataType_Bit": null,
          "MultiTypeList": [
            {
              "No": 0,
              "KeyMode": "光照",
              "KeyCoe": 1.0,
              "StartRegAddr": 3,
              "EndRegAddr": 4,
              "DataType": 2,
              "DataFormat": 2,
              "DataProperty": 1,
              "DataBits": null
            },
            {
              "No": 1,
              "KeyMode": "总辐射",
              "KeyCoe": 1.0,
              "StartRegAddr": 5,
              "EndRegAddr": 5,
              "DataType": 1,
              "DataFormat": 0,
              "DataProperty": 1,
              "DataBits": null
            }
          ]
        }
      ]
    },
    {
      "DevIndex": "1",
      "S_link": 7,
      "S_linkDev": 2,
      "data": [
        {
          "ModbusCmd": 3,
          "StoreRegStartAddr": 1,
          "DataItemCount": 6,
          "SlaveDevAddr": 102,
          "ModbusRegAddr": 0,
          "GetRegCount": 8,
          "AreaNum": 0,
          "DataProperty": 1,
          "DataType": "ModbusDataType_MultiType",
          "DataTypeEnum": 7,
          "LowAddr": 0,
          "HighAddr": 7,
          "DataFormat": 0,
          "KeyMode": null,
          "KeyCoe": null,
          "DataType_Bit": null,
          "MultiTypeList": [
            {
              "No": 0,
              "KeyMode": "温度",
              "KeyCoe": 0.01,
              "StartRegAddr": 0,
              "EndRegAddr": 0,
              "DataType": 1,
              "DataFormat": 0,
              "DataProperty": 1,
              "DataBits": null
            },
            {
              "No": 1,
              "KeyMode": "湿度",
              "KeyCoe": 0.01,
              "StartRegAddr": 1,
              "EndRegAddr": 1,
              "DataType": 1,
              "DataFormat": 0,
              "DataProperty": 1,
              "DataBits": null
            },
            {
              "No": 2,
              "KeyMode": "大气压",
              "KeyCoe": 0.01,
              "StartRegAddr": 2,
              "EndRegAddr": 2,
              "DataType": 1,
              "DataFormat": 0,
              "DataProperty": 1,
              "DataBits": null
            },
            {
              "No": 3,
              "KeyMode": "噪声",
              "KeyCoe": 0.1,
              "StartRegAddr": 3,
              "EndRegAddr": 3,
              "DataType": 1,
              "DataFormat": 0,
              "DataProperty": 1,
              "DataBits": null
            },
            {
              "No": 4,
              "KeyMode": "露点温度",
              "KeyCoe": 0.01,
              "StartRegAddr": 6,
              "EndRegAddr": 6,
              "DataType": 1,
              "DataFormat": 0,
              "DataProperty": 1,
              "DataBits": null
            },
            {
              "No": 5,
              "KeyMode": " 海拔高度",
              "KeyCoe": 1.0,
              "StartRegAddr": 7,
              "EndRegAddr": 7,
              "DataType": 1,
              "DataFormat": 0,
              "DataProperty": 1,
              "DataBits": null
            }
          ]
        }
      ]
    },
    {
      "DevIndex": "2",
      "S_link": 7,
      "S_linkDev": 3,
      "data": [
        {
          "ModbusCmd": 3,
          "StoreRegStartAddr": 1,
          "DataItemCount": 40,
          "SlaveDevAddr": 1,
          "ModbusRegAddr": 32016,
          "GetRegCount": 40,
          "AreaNum": 0,
          "DataProperty": 1,
          "DataType": "ModbusDataType_s16",
          "DataTypeEnum": 4,
          "LowAddr": 32016,
          "HighAddr": 32055,
          "DataFormat": 0,
          "KeyMode": [
            "PV1电压",
            "PV1电流",
            "PV2电压",
            "PV2电流",
            "PV3电压",
            "PV3电流",
            "PV4电压",
            "PV4电流",
            "PV5电压",
            "PV5电流",
            "PV6电压",
            "PV6电流",
            "PV7电压",
            "PV7电流",
            "PV8电压",
            "PV8电流",
            "PV9电压",
            "PV9电流",
            "PV10电压",
            "PV10电流",
            "PV11电压",
            "PV11电流",
            "PV12电压",
            "PV12电流",
            "PV13电压",
            "PV13电流",
            "PV14电压",
            "PV14电流",
            "PV15电压",
            "PV15电流",
            "PV16电压",
            "PV16电流",
            "PV17电压",
            "PV17电流",
            "PV18电压",
            "PV18电流",
            "PV19电压",
            "PV19电流",
            "PV20电压",
            "PV20电流"
          ],
          "KeyCoe": [
            0.1,
            0.01,
            0.1,
            0.01,
            0.1,
            0.01,
            0.1,
            0.01,
            0.1,
            0.01,
            0.1,
            0.01,
            0.1,
            0.01,
            0.1,
            0.01,
            0.1,
            0.01,
            0.1,
            0.01,
            0.1,
            0.01,
            0.1,
            0.01,
            0.1,
            0.01,
            0.1,
            0.01,
            0.1,
            0.01,
            0.1,
            0.01,
            0.1,
            0.01,
            0.1,
            0.01,
            0.1,
            0.01,
            0.1,
            0.01
          ],
          "DataType_Bit": null,
          "MultiTypeList": null
        },
        {
          "ModbusCmd": 3,
          "StoreRegStartAddr": 41,
          "DataItemCount": 22,
          "SlaveDevAddr": 1,
          "ModbusRegAddr": 32064,
          "GetRegCount": 52,
          "AreaNum": 1,
          "DataProperty": 1,
          "DataType": "ModbusDataType_MultiType",
          "DataTypeEnum": 7,
          "LowAddr": 32064,
          "HighAddr": 32115,
          "DataFormat": 0,
          "KeyMode": null,
          "KeyCoe": null,
          "DataType_Bit": null,
          "MultiTypeList": [
            {
              "No": 0,
              "KeyMode": "输入功率",
              "KeyCoe": 0.001,
              "StartRegAddr": 32064,
              "EndRegAddr": 32065,
              "DataType": 5,
              "DataFormat": 2,
              "DataProperty": 1,
              "DataBits": null
            },
            {
              "No": 1,
              "KeyMode": "AB线电压",
              "KeyCoe": 0.1,
              "StartRegAddr": 32066,
              "EndRegAddr": 32066,
              "DataType": 1,
              "DataFormat": 0,
              "DataProperty": 1,
              "DataBits": null
            },
            {
              "No": 2,
              "KeyMode": "BC线电压",
              "KeyCoe": 0.1,
              "StartRegAddr": 32067,
              "EndRegAddr": 32067,
              "DataType": 1,
              "DataFormat": 0,
              "DataProperty": 1,
              "DataBits": null
            },
            {
              "No": 3,
              "KeyMode": "CA线电压 ",
              "KeyCoe": 0.1,
              "StartRegAddr": 32068,
              "EndRegAddr": 32068,
              "DataType": 1,
              "DataFormat": 0,
              "DataProperty": 1,
              "DataBits": null
            },
            {
              "No": 4,
              "KeyMode": "电网A相电压 ",
              "KeyCoe": 0.1,
              "StartRegAddr": 32069,
              "EndRegAddr": 32069,
              "DataType": 1,
              "DataFormat": 0,
              "DataProperty": 1,
              "DataBits": null
            },
            {
              "No": 5,
              "KeyMode": "电网B相电压",
              "KeyCoe": 0.1,
              "StartRegAddr": 32070,
              "EndRegAddr": 32070,
              "DataType": 1,
              "DataFormat": 0,
              "DataProperty": 1,
              "DataBits": null
            },
            {
              "No": 6,
              "KeyMode": "电网C相电压",
              "KeyCoe": 0.1,
              "StartRegAddr": 32071,
              "EndRegAddr": 32071,
              "DataType": 4,
              "DataFormat": 0,
              "DataProperty": 1,
              "DataBits": null
            },
            {
              "No": 7,
              "KeyMode": "A相电流",
              "KeyCoe": 0.001,
              "StartRegAddr": 32072,
              "EndRegAddr": 32073,
              "DataType": 5,
              "DataFormat": 2,
              "DataProperty": 1,
              "DataBits": null
            },
            {
              "No": 8,
              "KeyMode": "B相电流",
              "KeyCoe": 0.001,
              "StartRegAddr": 32074,
              "EndRegAddr": 32075,
              "DataType": 5,
              "DataFormat": 2,
              "DataProperty": 1,
              "DataBits": null
            },
            {
              "No": 9,
              "KeyMode": "C相电流 ",
              "KeyCoe": 0.001,
              "StartRegAddr": 32076,
              "EndRegAddr": 32077,
              "DataType": 5,
              "DataFormat": 2,
              "DataProperty": 1,
              "DataBits": null
            },
            {
              "No": 10,
              "KeyMode": "当天峰值有功",
              "KeyCoe": 0.001,
              "StartRegAddr": 32078,
              "EndRegAddr": 32079,
              "DataType": 5,
              "DataFormat": 2,
              "DataProperty": 1,
              "DataBits": null
            },
            {
              "No": 11,
              "KeyMode": "有功功率",
              "KeyCoe": 0.001,
              "StartRegAddr": 32080,
              "EndRegAddr": 32081,
              "DataType": 5,
              "DataFormat": 2,
              "DataProperty": 1,
              "DataBits": null
            },
            {
              "No": 12,
              "KeyMode": "无功功率",
              "KeyCoe": 0.001,
              "StartRegAddr": 32082,
              "EndRegAddr": 32083,
              "DataType": 5,
              "DataFormat": 2,
              "DataProperty": 1,
              "DataBits": null
            },
            {
              "No": 13,
              "KeyMode": "功率因数",
              "KeyCoe": 0.001,
              "StartRegAddr": 32084,
              "EndRegAddr": 32084,
              "DataType": 4,
              "DataFormat": 0,
              "DataProperty": 1,
              "DataBits": null
            },
            {
              "No": 14,
              "KeyMode": "电网频率",
              "KeyCoe": 0.01,
              "StartRegAddr": 32085,
              "EndRegAddr": 32085,
              "DataType": 1,
              "DataFormat": 0,
              "DataProperty": 1,
              "DataBits": null
            },
            {
              "No": 15,
              "KeyMode": "效率",
              "KeyCoe": 0.01,
              "StartRegAddr": 32086,
              "EndRegAddr": 32086,
              "DataType": 1,
              "DataFormat": 0,
              "DataProperty": 1,
              "DataBits": null
            },
            {
              "No": 16,
              "KeyMode": "内部温度",
              "KeyCoe": 0.1,
              "StartRegAddr": 32087,
              "EndRegAddr": 32087,
              "DataType": 1,
              "DataFormat": 0,
              "DataProperty": 1,
              "DataBits": null
            },
            {
              "No": 17,
              "KeyMode": "绝缘阻抗值",
              "KeyCoe": 0.001,
              "StartRegAddr": 32088,
              "EndRegAddr": 32088,
              "DataType": 1,
              "DataFormat": 0,
              "DataProperty": 1,
              "DataBits": null
            },
            {
              "No": 18,
              "KeyMode": "开机时间",
              "KeyCoe": 1.0,
              "StartRegAddr": 32091,
              "EndRegAddr": 32092,
              "DataType": 2,
              "DataFormat": 2,
              "DataProperty": 1,
              "DataBits": null
            },
            {
              "No": 19,
              "KeyMode": "关机时间",
              "KeyCoe": 1.0,
              "StartRegAddr": 32093,
              "EndRegAddr": 32094,
              "DataType": 2,
              "DataFormat": 2,
              "DataProperty": 1,
              "DataBits": null
            },
            {
              "No": 20,
              "KeyMode": "累计发电量",
              "KeyCoe": 0.01,
              "StartRegAddr": 32106,
              "EndRegAddr": 32107,
              "DataType": 2,
              "DataFormat": 2,
              "DataProperty": 1,
              "DataBits": null
            },
            {
              "No": 21,
              "KeyMode": "当日发电量",
              "KeyCoe": 0.01,
              "StartRegAddr": 32114,
              "EndRegAddr": 32115,
              "DataType": 2,
              "DataFormat": 2,
              "DataProperty": 1,
              "DataBits": null
            }
          ]
        },
        {
          "ModbusCmd": 3,
          "StoreRegStartAddr": 63,
          "DataItemCount": 16,
          "SlaveDevAddr": 1,
          "ModbusRegAddr": 32008,
          "GetRegCount": 1,
          "AreaNum": 2,
          "DataProperty": 0,
          "DataType": "ModbusDataType_bitField",
          "DataTypeEnum": 6,
          "LowAddr": 32008,
          "HighAddr": 32008,
          "DataFormat": 0,
          "KeyMode": null,
          "KeyCoe": null,
          "DataType_Bit": [
            {
              "No": 0,
              "KeyMode": "输入组串电压高",
              "ModbusRegAddr": 32008,
              "Reverse": 1,
              "Bit": 0
            },
            {
              "No": 1,
              "KeyMode": "直流电弧故障",
              "ModbusRegAddr": 32008,
              "Reverse": 1,
              "Bit": 1
            },
            {
              "No": 2,
              "KeyMode": "组串反接",
              "ModbusRegAddr": 32008,
              "Reverse": 1,
              "Bit": 2
            },
            {
              "No": 3,
              "KeyMode": "组串电流反灌",
              "ModbusRegAddr": 32008,
              "Reverse": 1,
              "Bit": 3
            },
            {
              "No": 4,
              "KeyMode": "组串功率异常",
              "ModbusRegAddr": 32008,
              "Reverse": 1,
              "Bit": 4
            },
            {
              "No": 5,
              "KeyMode": "AFCI自检失败",
              "ModbusRegAddr": 32008,
              "Reverse": 1,
              "Bit": 5
            },
            {
              "No": 6,
              "KeyMode": "电网相线对PE短路",
              "ModbusRegAddr": 32008,
              "Reverse": 1,
              "Bit": 6
            },
            {
              "No": 7,
              "KeyMode": "电网掉电",
              "ModbusRegAddr": 32008,
              "Reverse": 1,
              "Bit": 7
            },
            {
              "No": 8,
              "KeyMode": "电网欠压",
              "ModbusRegAddr": 32008,
              "Reverse": 1,
              "Bit": 8
            },
            {
              "No": 9,
              "KeyMode": "电网过压",
              "ModbusRegAddr": 32008,
              "Reverse": 1,
              "Bit": 9
            },
            {
              "No": 10,
              "KeyMode": "电网电压不平衡 ",
              "ModbusRegAddr": 32008,
              "Reverse": 1,
              "Bit": 10
            },
            {
              "No": 11,
              "KeyMode": "电网过频",
              "ModbusRegAddr": 32008,
              "Reverse": 1,
              "Bit": 11
            },
            {
              "No": 12,
              "KeyMode": "电网欠频 ",
              "ModbusRegAddr": 32008,
              "Reverse": 1,
              "Bit": 12
            },
            {
              "No": 13,
              "KeyMode": "电网频率不稳定 ",
              "ModbusRegAddr": 32008,
              "Reverse": 1,
              "Bit": 13
            },
            {
              "No": 14,
              "KeyMode": "输出过流",
              "ModbusRegAddr": 32008,
              "Reverse": 1,
              "Bit": 14
            },
            {
              "No": 15,
              "KeyMode": "输出电流直流分量过大",
              "ModbusRegAddr": 32008,
              "Reverse": 1,
              "Bit": 15
            }
          ],
          "MultiTypeList": null
        }
      ]
    },
    {
      "DevIndex": "3",
      "S_link": 7,
      "S_linkDev": 4,
      "data": [
        {
          "ModbusCmd": 3,
          "StoreRegStartAddr": 1,
          "DataItemCount": 40,
          "SlaveDevAddr": 2,
          "ModbusRegAddr": 32016,
          "GetRegCount": 40,
          "AreaNum": 0,
          "DataProperty": 1,
          "DataType": "ModbusDataType_s16",
          "DataTypeEnum": 4,
          "LowAddr": 32016,
          "HighAddr": 32055,
          "DataFormat": 0,
          "KeyMode": [
            "PV1电压",
            "PV1电流",
            "PV2电压",
            "PV2电流",
            "PV3电压",
            "PV3电流",
            "PV4电压",
            "PV4电流",
            "PV5电压",
            "PV5电流",
            "PV6电压",
            "PV6电流",
            "PV7电压",
            "PV7电流",
            "PV8电压",
            "PV8电流",
            "PV9电压",
            "PV9电流",
            "PV10电压",
            "PV10电流",
            "PV11电压",
            "PV11电流",
            "PV12电压",
            "PV12电流",
            "PV13电压",
            "PV13电流",
            "PV14电压",
            "PV14电流",
            "PV15电压",
            "PV15电流",
            "PV16电压",
            "PV16电流",
            "PV17电压",
            "PV17电流",
            "PV18电压",
            "PV18电流",
            "PV19电压",
            "PV19电流",
            "PV20电压",
            "PV20电流"
          ],
          "KeyCoe": [
            0.1,
            0.01,
            0.1,
            0.01,
            0.1,
            0.01,
            0.1,
            0.01,
            0.1,
            0.01,
            0.1,
            0.01,
            0.1,
            0.01,
            0.1,
            0.01,
            0.1,
            0.01,
            0.1,
            0.01,
            0.1,
            0.01,
            0.1,
            0.01,
            0.1,
            0.01,
            0.1,
            0.01,
            0.1,
            0.01,
            0.1,
            0.01,
            0.1,
            0.01,
            0.1,
            0.01,
            0.1,
            0.01,
            0.1,
            0.01
          ],
          "DataType_Bit": null,
          "MultiTypeList": null
        },
        {
          "ModbusCmd": 3,
          "StoreRegStartAddr": 41,
          "DataItemCount": 22,
          "SlaveDevAddr": 2,
          "ModbusRegAddr": 32064,
          "GetRegCount": 52,
          "AreaNum": 1,
          "DataProperty": 1,
          "DataType": "ModbusDataType_MultiType",
          "DataTypeEnum": 7,
          "LowAddr": 32064,
          "HighAddr": 32115,
          "DataFormat": 0,
          "KeyMode": null,
          "KeyCoe": null,
          "DataType_Bit": null,
          "MultiTypeList": [
            {
              "No": 0,
              "KeyMode": "输入功率",
              "KeyCoe": 0.001,
              "StartRegAddr": 32064,
              "EndRegAddr": 32065,
              "DataType": 5,
              "DataFormat": 2,
              "DataProperty": 1,
              "DataBits": null
            },
            {
              "No": 1,
              "KeyMode": "AB线电压",
              "KeyCoe": 0.1,
              "StartRegAddr": 32066,
              "EndRegAddr": 32066,
              "DataType": 1,
              "DataFormat": 0,
              "DataProperty": 1,
              "DataBits": null
            },
            {
              "No": 2,
              "KeyMode": "BC线电压",
              "KeyCoe": 0.1,
              "StartRegAddr": 32067,
              "EndRegAddr": 32067,
              "DataType": 1,
              "DataFormat": 0,
              "DataProperty": 1,
              "DataBits": null
            },
            {
              "No": 3,
              "KeyMode": "CA线电压 ",
              "KeyCoe": 0.1,
              "StartRegAddr": 32068,
              "EndRegAddr": 32068,
              "DataType": 1,
              "DataFormat": 0,
              "DataProperty": 1,
              "DataBits": null
            },
            {
              "No": 4,
              "KeyMode": "电网A相电压 ",
              "KeyCoe": 0.1,
              "StartRegAddr": 32069,
              "EndRegAddr": 32069,
              "DataType": 1,
              "DataFormat": 0,
              "DataProperty": 1,
              "DataBits": null
            },
            {
              "No": 5,
              "KeyMode": "电网B相电压",
              "KeyCoe": 0.1,
              "StartRegAddr": 32070,
              "EndRegAddr": 32070,
              "DataType": 1,
              "DataFormat": 0,
              "DataProperty": 1,
              "DataBits": null
            },
            {
              "No": 6,
              "KeyMode": "电网C相电压",
              "KeyCoe": 0.1,
              "StartRegAddr": 32071,
              "EndRegAddr": 32071,
              "DataType": 4,
              "DataFormat": 0,
              "DataProperty": 1,
              "DataBits": null
            },
            {
              "No": 7,
              "KeyMode": "A相电流",
              "KeyCoe": 0.001,
              "StartRegAddr": 32072,
              "EndRegAddr": 32073,
              "DataType": 5,
              "DataFormat": 2,
              "DataProperty": 1,
              "DataBits": null
            },
            {
              "No": 8,
              "KeyMode": "B相电流",
              "KeyCoe": 0.001,
              "StartRegAddr": 32074,
              "EndRegAddr": 32075,
              "DataType": 5,
              "DataFormat": 2,
              "DataProperty": 1,
              "DataBits": null
            },
            {
              "No": 9,
              "KeyMode": "C相电流 ",
              "KeyCoe": 0.001,
              "StartRegAddr": 32076,
              "EndRegAddr": 32077,
              "DataType": 5,
              "DataFormat": 2,
              "DataProperty": 1,
              "DataBits": null
            },
            {
              "No": 10,
              "KeyMode": "当天峰值有功",
              "KeyCoe": 0.001,
              "StartRegAddr": 32078,
              "EndRegAddr": 32079,
              "DataType": 5,
              "DataFormat": 2,
              "DataProperty": 1,
              "DataBits": null
            },
            {
              "No": 11,
              "KeyMode": "有功功率",
              "KeyCoe": 0.001,
              "StartRegAddr": 32080,
              "EndRegAddr": 32081,
              "DataType": 5,
              "DataFormat": 2,
              "DataProperty": 1,
              "DataBits": null
            },
            {
              "No": 12,
              "KeyMode": "无功功率",
              "KeyCoe": 0.001,
              "StartRegAddr": 32082,
              "EndRegAddr": 32083,
              "DataType": 5,
              "DataFormat": 2,
              "DataProperty": 1,
              "DataBits": null
            },
            {
              "No": 13,
              "KeyMode": "功率因数",
              "KeyCoe": 0.001,
              "StartRegAddr": 32084,
              "EndRegAddr": 32084,
              "DataType": 4,
              "DataFormat": 0,
              "DataProperty": 1,
              "DataBits": null
            },
            {
              "No": 14,
              "KeyMode": "电网频率",
              "KeyCoe": 0.01,
              "StartRegAddr": 32085,
              "EndRegAddr": 32085,
              "DataType": 1,
              "DataFormat": 0,
              "DataProperty": 1,
              "DataBits": null
            },
            {
              "No": 15,
              "KeyMode": "效率",
              "KeyCoe": 0.01,
              "StartRegAddr": 32086,
              "EndRegAddr": 32086,
              "DataType": 1,
              "DataFormat": 0,
              "DataProperty": 1,
              "DataBits": null
            },
            {
              "No": 16,
              "KeyMode": "内部温度",
              "KeyCoe": 0.1,
              "StartRegAddr": 32087,
              "EndRegAddr": 32087,
              "DataType": 1,
              "DataFormat": 0,
              "DataProperty": 1,
              "DataBits": null
            },
            {
              "No": 17,
              "KeyMode": "绝缘阻抗值",
              "KeyCoe": 0.001,
              "StartRegAddr": 32088,
              "EndRegAddr": 32088,
              "DataType": 1,
              "DataFormat": 0,
              "DataProperty": 1,
              "DataBits": null
            },
            {
              "No": 18,
              "KeyMode": "开机时间",
              "KeyCoe": 1.0,
              "StartRegAddr": 32091,
              "EndRegAddr": 32092,
              "DataType": 2,
              "DataFormat": 2,
              "DataProperty": 1,
              "DataBits": null
            },
            {
              "No": 19,
              "KeyMode": "关机时间",
              "KeyCoe": 1.0,
              "StartRegAddr": 32093,
              "EndRegAddr": 32094,
              "DataType": 2,
              "DataFormat": 2,
              "DataProperty": 1,
              "DataBits": null
            },
            {
              "No": 20,
              "KeyMode": "累计发电量",
              "KeyCoe": 0.01,
              "StartRegAddr": 32106,
              "EndRegAddr": 32107,
              "DataType": 2,
              "DataFormat": 2,
              "DataProperty": 1,
              "DataBits": null
            },
            {
              "No": 21,
              "KeyMode": "当日发电量",
              "KeyCoe": 0.01,
              "StartRegAddr": 32114,
              "EndRegAddr": 32115,
              "DataType": 2,
              "DataFormat": 2,
              "DataProperty": 1,
              "DataBits": null
            }
          ]
        },
        {
          "ModbusCmd": 3,
          "StoreRegStartAddr": 63,
          "DataItemCount": 16,
          "SlaveDevAddr": 2,
          "ModbusRegAddr": 32008,
          "GetRegCount": 1,
          "AreaNum": 2,
          "DataProperty": 0,
          "DataType": "ModbusDataType_bitField",
          "DataTypeEnum": 6,
          "LowAddr": 32008,
          "HighAddr": 32008,
          "DataFormat": 0,
          "KeyMode": null,
          "KeyCoe": null,
          "DataType_Bit": [
            {
              "No": 0,
              "KeyMode": "输入组串电压高",
              "ModbusRegAddr": 32008,
              "Reverse": 1,
              "Bit": 0
            },
            {
              "No": 1,
              "KeyMode": "直流电弧故障",
              "ModbusRegAddr": 32008,
              "Reverse": 1,
              "Bit": 1
            },
            {
              "No": 2,
              "KeyMode": "组串反接",
              "ModbusRegAddr": 32008,
              "Reverse": 1,
              "Bit": 2
            },
            {
              "No": 3,
              "KeyMode": "组串电流反灌",
              "ModbusRegAddr": 32008,
              "Reverse": 1,
              "Bit": 3
            },
            {
              "No": 4,
              "KeyMode": "组串功率异常",
              "ModbusRegAddr": 32008,
              "Reverse": 1,
              "Bit": 4
            },
            {
              "No": 5,
              "KeyMode": "AFCI自检失败",
              "ModbusRegAddr": 32008,
              "Reverse": 1,
              "Bit": 5
            },
            {
              "No": 6,
              "KeyMode": "电网相线对PE短路",
              "ModbusRegAddr": 32008,
              "Reverse": 1,
              "Bit": 6
            },
            {
              "No": 7,
              "KeyMode": "电网掉电",
              "ModbusRegAddr": 32008,
              "Reverse": 1,
              "Bit": 7
            },
            {
              "No": 8,
              "KeyMode": "电网欠压",
              "ModbusRegAddr": 32008,
              "Reverse": 1,
              "Bit": 8
            },
            {
              "No": 9,
              "KeyMode": "电网过压",
              "ModbusRegAddr": 32008,
              "Reverse": 1,
              "Bit": 9
            },
            {
              "No": 10,
              "KeyMode": "电网电压不平衡 ",
              "ModbusRegAddr": 32008,
              "Reverse": 1,
              "Bit": 10
            },
            {
              "No": 11,
              "KeyMode": "电网过频",
              "ModbusRegAddr": 32008,
              "Reverse": 1,
              "Bit": 11
            },
            {
              "No": 12,
              "KeyMode": "电网欠频 ",
              "ModbusRegAddr": 32008,
              "Reverse": 1,
              "Bit": 12
            },
            {
              "No": 13,
              "KeyMode": "电网频率不稳定 ",
              "ModbusRegAddr": 32008,
              "Reverse": 1,
              "Bit": 13
            },
            {
              "No": 14,
              "KeyMode": "输出过流",
              "ModbusRegAddr": 32008,
              "Reverse": 1,
              "Bit": 14
            },
            {
              "No": 15,
              "KeyMode": "输出电流直流分量过大",
              "ModbusRegAddr": 32008,
              "Reverse": 1,
              "Bit": 15
            }
          ],
          "MultiTypeList": null
        }
      ]
    },
    {
      "DevIndex": "4",
      "S_link": 7,
      "S_linkDev": 5,
      "data": [
        {
          "ModbusCmd": 3,
          "StoreRegStartAddr": 1,
          "DataItemCount": 40,
          "SlaveDevAddr": 3,
          "ModbusRegAddr": 32016,
          "GetRegCount": 40,
          "AreaNum": 0,
          "DataProperty": 1,
          "DataType": "ModbusDataType_s16",
          "DataTypeEnum": 4,
          "LowAddr": 32016,
          "HighAddr": 32055,
          "DataFormat": 0,
          "KeyMode": [
            "PV1电压",
            "PV1电流",
            "PV2电压",
            "PV2电流",
            "PV3电压",
            "PV3电流",
            "PV4电压",
            "PV4电流",
            "PV5电压",
            "PV5电流",
            "PV6电压",
            "PV6电流",
            "PV7电压",
            "PV7电流",
            "PV8电压",
            "PV8电流",
            "PV9电压",
            "PV9电流",
            "PV10电压",
            "PV10电流",
            "PV11电压",
            "PV11电流",
            "PV12电压",
            "PV12电流",
            "PV13电压",
            "PV13电流",
            "PV14电压",
            "PV14电流",
            "PV15电压",
            "PV15电流",
            "PV16电压",
            "PV16电流",
            "PV17电压",
            "PV17电流",
            "PV18电压",
            "PV18电流",
            "PV19电压",
            "PV19电流",
            "PV20电压",
            "PV20电流"
          ],
          "KeyCoe": [
            0.1,
            0.01,
            0.1,
            0.01,
            0.1,
            0.01,
            0.1,
            0.01,
            0.1,
            0.01,
            0.1,
            0.01,
            0.1,
            0.01,
            0.1,
            0.01,
            0.1,
            0.01,
            0.1,
            0.01,
            0.1,
            0.01,
            0.1,
            0.01,
            0.1,
            0.01,
            0.1,
            0.01,
            0.1,
            0.01,
            0.1,
            0.01,
            0.1,
            0.01,
            0.1,
            0.01,
            0.1,
            0.01,
            0.1,
            0.01
          ],
          "DataType_Bit": null,
          "MultiTypeList": null
        },
        {
          "ModbusCmd": 3,
          "StoreRegStartAddr": 41,
          "DataItemCount": 22,
          "SlaveDevAddr": 3,
          "ModbusRegAddr": 32064,
          "GetRegCount": 52,
          "AreaNum": 1,
          "DataProperty": 1,
          "DataType": "ModbusDataType_MultiType",
          "DataTypeEnum": 7,
          "LowAddr": 32064,
          "HighAddr": 32115,
          "DataFormat": 0,
          "KeyMode": null,
          "KeyCoe": null,
          "DataType_Bit": null,
          "MultiTypeList": [
            {
              "No": 0,
              "KeyMode": "输入功率",
              "KeyCoe": 0.001,
              "StartRegAddr": 32064,
              "EndRegAddr": 32065,
              "DataType": 5,
              "DataFormat": 2,
              "DataProperty": 1,
              "DataBits": null
            },
            {
              "No": 1,
              "KeyMode": "AB线电压",
              "KeyCoe": 0.1,
              "StartRegAddr": 32066,
              "EndRegAddr": 32066,
              "DataType": 1,
              "DataFormat": 0,
              "DataProperty": 1,
              "DataBits": null
            },
            {
              "No": 2,
              "KeyMode": "BC线电压",
              "KeyCoe": 0.1,
              "StartRegAddr": 32067,
              "EndRegAddr": 32067,
              "DataType": 1,
              "DataFormat": 0,
              "DataProperty": 1,
              "DataBits": null
            },
            {
              "No": 3,
              "KeyMode": "CA线电压 ",
              "KeyCoe": 0.1,
              "StartRegAddr": 32068,
              "EndRegAddr": 32068,
              "DataType": 1,
              "DataFormat": 0,
              "DataProperty": 1,
              "DataBits": null
            },
            {
              "No": 4,
              "KeyMode": "电网A相电压 ",
              "KeyCoe": 0.1,
              "StartRegAddr": 32069,
              "EndRegAddr": 32069,
              "DataType": 1,
              "DataFormat": 0,
              "DataProperty": 1,
              "DataBits": null
            },
            {
              "No": 5,
              "KeyMode": "电网B相电压",
              "KeyCoe": 0.1,
              "StartRegAddr": 32070,
              "EndRegAddr": 32070,
              "DataType": 1,
              "DataFormat": 0,
              "DataProperty": 1,
              "DataBits": null
            },
            {
              "No": 6,
              "KeyMode": "电网C相电压",
              "KeyCoe": 0.1,
              "StartRegAddr": 32071,
              "EndRegAddr": 32071,
              "DataType": 4,
              "DataFormat": 0,
              "DataProperty": 1,
              "DataBits": null
            },
            {
              "No": 7,
              "KeyMode": "A相电流",
              "KeyCoe": 0.001,
              "StartRegAddr": 32072,
              "EndRegAddr": 32073,
              "DataType": 5,
              "DataFormat": 2,
              "DataProperty": 1,
              "DataBits": null
            },
            {
              "No": 8,
              "KeyMode": "B相电流",
              "KeyCoe": 0.001,
              "StartRegAddr": 32074,
              "EndRegAddr": 32075,
              "DataType": 5,
              "DataFormat": 2,
              "DataProperty": 1,
              "DataBits": null
            },
            {
              "No": 9,
              "KeyMode": "C相电流 ",
              "KeyCoe": 0.001,
              "StartRegAddr": 32076,
              "EndRegAddr": 32077,
              "DataType": 5,
              "DataFormat": 2,
              "DataProperty": 1,
              "DataBits": null
            },
            {
              "No": 10,
              "KeyMode": "当天峰值有功",
              "KeyCoe": 0.001,
              "StartRegAddr": 32078,
              "EndRegAddr": 32079,
              "DataType": 5,
              "DataFormat": 2,
              "DataProperty": 1,
              "DataBits": null
            },
            {
              "No": 11,
              "KeyMode": "有功功率",
              "KeyCoe": 0.001,
              "StartRegAddr": 32080,
              "EndRegAddr": 32081,
              "DataType": 5,
              "DataFormat": 2,
              "DataProperty": 1,
              "DataBits": null
            },
            {
              "No": 12,
              "KeyMode": "无功功率",
              "KeyCoe": 0.001,
              "StartRegAddr": 32082,
              "EndRegAddr": 32083,
              "DataType": 5,
              "DataFormat": 2,
              "DataProperty": 1,
              "DataBits": null
            },
            {
              "No": 13,
              "KeyMode": "功率因数",
              "KeyCoe": 0.001,
              "StartRegAddr": 32084,
              "EndRegAddr": 32084,
              "DataType": 4,
              "DataFormat": 0,
              "DataProperty": 1,
              "DataBits": null
            },
            {
              "No": 14,
              "KeyMode": "电网频率",
              "KeyCoe": 0.01,
              "StartRegAddr": 32085,
              "EndRegAddr": 32085,
              "DataType": 1,
              "DataFormat": 0,
              "DataProperty": 1,
              "DataBits": null
            },
            {
              "No": 15,
              "KeyMode": "效率",
              "KeyCoe": 0.01,
              "StartRegAddr": 32086,
              "EndRegAddr": 32086,
              "DataType": 1,
              "DataFormat": 0,
              "DataProperty": 1,
              "DataBits": null
            },
            {
              "No": 16,
              "KeyMode": "内部温度",
              "KeyCoe": 0.1,
              "StartRegAddr": 32087,
              "EndRegAddr": 32087,
              "DataType": 1,
              "DataFormat": 0,
              "DataProperty": 1,
              "DataBits": null
            },
            {
              "No": 17,
              "KeyMode": "绝缘阻抗值",
              "KeyCoe": 0.001,
              "StartRegAddr": 32088,
              "EndRegAddr": 32088,
              "DataType": 1,
              "DataFormat": 0,
              "DataProperty": 1,
              "DataBits": null
            },
            {
              "No": 18,
              "KeyMode": "开机时间",
              "KeyCoe": 1.0,
              "StartRegAddr": 32091,
              "EndRegAddr": 32092,
              "DataType": 2,
              "DataFormat": 2,
              "DataProperty": 1,
              "DataBits": null
            },
            {
              "No": 19,
              "KeyMode": "关机时间",
              "KeyCoe": 1.0,
              "StartRegAddr": 32093,
              "EndRegAddr": 32094,
              "DataType": 2,
              "DataFormat": 2,
              "DataProperty": 1,
              "DataBits": null
            },
            {
              "No": 20,
              "KeyMode": "累计发电量",
              "KeyCoe": 0.01,
              "StartRegAddr": 32106,
              "EndRegAddr": 32107,
              "DataType": 2,
              "DataFormat": 2,
              "DataProperty": 1,
              "DataBits": null
            },
            {
              "No": 21,
              "KeyMode": "当日发电量",
              "KeyCoe": 0.01,
              "StartRegAddr": 32114,
              "EndRegAddr": 32115,
              "DataType": 2,
              "DataFormat": 2,
              "DataProperty": 1,
              "DataBits": null
            }
          ]
        },
        {
          "ModbusCmd": 3,
          "StoreRegStartAddr": 63,
          "DataItemCount": 16,
          "SlaveDevAddr": 3,
          "ModbusRegAddr": 32008,
          "GetRegCount": 1,
          "AreaNum": 2,
          "DataProperty": 0,
          "DataType": "ModbusDataType_bitField",
          "DataTypeEnum": 6,
          "LowAddr": 32008,
          "HighAddr": 32008,
          "DataFormat": 0,
          "KeyMode": null,
          "KeyCoe": null,
          "DataType_Bit": [
            {
              "No": 0,
              "KeyMode": "输入组串电压高",
              "ModbusRegAddr": 32008,
              "Reverse": 1,
              "Bit": 0
            },
            {
              "No": 1,
              "KeyMode": "直流电弧故障",
              "ModbusRegAddr": 32008,
              "Reverse": 1,
              "Bit": 1
            },
            {
              "No": 2,
              "KeyMode": "组串反接",
              "ModbusRegAddr": 32008,
              "Reverse": 1,
              "Bit": 2
            },
            {
              "No": 3,
              "KeyMode": "组串电流反灌",
              "ModbusRegAddr": 32008,
              "Reverse": 1,
              "Bit": 3
            },
            {
              "No": 4,
              "KeyMode": "组串功率异常",
              "ModbusRegAddr": 32008,
              "Reverse": 1,
              "Bit": 4
            },
            {
              "No": 5,
              "KeyMode": "AFCI自检失败",
              "ModbusRegAddr": 32008,
              "Reverse": 1,
              "Bit": 5
            },
            {
              "No": 6,
              "KeyMode": "电网相线对PE短路",
              "ModbusRegAddr": 32008,
              "Reverse": 1,
              "Bit": 6
            },
            {
              "No": 7,
              "KeyMode": "电网掉电",
              "ModbusRegAddr": 32008,
              "Reverse": 1,
              "Bit": 7
            },
            {
              "No": 8,
              "KeyMode": "电网欠压",
              "ModbusRegAddr": 32008,
              "Reverse": 1,
              "Bit": 8
            },
            {
              "No": 9,
              "KeyMode": "电网过压",
              "ModbusRegAddr": 32008,
              "Reverse": 1,
              "Bit": 9
            },
            {
              "No": 10,
              "KeyMode": "电网电压不平衡 ",
              "ModbusRegAddr": 32008,
              "Reverse": 1,
              "Bit": 10
            },
            {
              "No": 11,
              "KeyMode": "电网过频",
              "ModbusRegAddr": 32008,
              "Reverse": 1,
              "Bit": 11
            },
            {
              "No": 12,
              "KeyMode": "电网欠频 ",
              "ModbusRegAddr": 32008,
              "Reverse": 1,
              "Bit": 12
            },
            {
              "No": 13,
              "KeyMode": "电网频率不稳定 ",
              "ModbusRegAddr": 32008,
              "Reverse": 1,
              "Bit": 13
            },
            {
              "No": 14,
              "KeyMode": "输出过流",
              "ModbusRegAddr": 32008,
              "Reverse": 1,
              "Bit": 14
            },
            {
              "No": 15,
              "KeyMode": "输出电流直流分量过大",
              "ModbusRegAddr": 32008,
              "Reverse": 1,
              "Bit": 15
            }
          ],
          "MultiTypeList": null
        }
      ]
    },
    {
      "DevIndex": "5",
      "S_link": 7,
      "S_linkDev": 6,
      "data": [
        {
          "ModbusCmd": 3,
          "StoreRegStartAddr": 1,
          "DataItemCount": 40,
          "SlaveDevAddr": 4,
          "ModbusRegAddr": 32016,
          "GetRegCount": 40,
          "AreaNum": 0,
          "DataProperty": 1,
          "DataType": "ModbusDataType_s16",
          "DataTypeEnum": 4,
          "LowAddr": 32016,
          "HighAddr": 32055,
          "DataFormat": 0,
          "KeyMode": [
            "PV1电压",
            "PV1电流",
            "PV2电压",
            "PV2电流",
            "PV3电压",
            "PV3电流",
            "PV4电压",
            "PV4电流",
            "PV5电压",
            "PV5电流",
            "PV6电压",
            "PV6电流",
            "PV7电压",
            "PV7电流",
            "PV8电压",
            "PV8电流",
            "PV9电压",
            "PV9电流",
            "PV10电压",
            "PV10电流",
            "PV11电压",
            "PV11电流",
            "PV12电压",
            "PV12电流",
            "PV13电压",
            "PV13电流",
            "PV14电压",
            "PV14电流",
            "PV15电压",
            "PV15电流",
            "PV16电压",
            "PV16电流",
            "PV17电压",
            "PV17电流",
            "PV18电压",
            "PV18电流",
            "PV19电压",
            "PV19电流",
            "PV20电压",
            "PV20电流"
          ],
          "KeyCoe": [
            0.1,
            0.01,
            0.1,
            0.01,
            0.1,
            0.01,
            0.1,
            0.01,
            0.1,
            0.01,
            0.1,
            0.01,
            0.1,
            0.01,
            0.1,
            0.01,
            0.1,
            0.01,
            0.1,
            0.01,
            0.1,
            0.01,
            0.1,
            0.01,
            0.1,
            0.01,
            0.1,
            0.01,
            0.1,
            0.01,
            0.1,
            0.01,
            0.1,
            0.01,
            0.1,
            0.01,
            0.1,
            0.01,
            0.1,
            0.01
          ],
          "DataType_Bit": null,
          "MultiTypeList": null
        },
        {
          "ModbusCmd": 3,
          "StoreRegStartAddr": 41,
          "DataItemCount": 22,
          "SlaveDevAddr": 4,
          "ModbusRegAddr": 32064,
          "GetRegCount": 52,
          "AreaNum": 1,
          "DataProperty": 1,
          "DataType": "ModbusDataType_MultiType",
          "DataTypeEnum": 7,
          "LowAddr": 32064,
          "HighAddr": 32115,
          "DataFormat": 0,
          "KeyMode": null,
          "KeyCoe": null,
          "DataType_Bit": null,
          "MultiTypeList": [
            {
              "No": 0,
              "KeyMode": "输入功率",
              "KeyCoe": 0.001,
              "StartRegAddr": 32064,
              "EndRegAddr": 32065,
              "DataType": 5,
              "DataFormat": 2,
              "DataProperty": 1,
              "DataBits": null
            },
            {
              "No": 1,
              "KeyMode": "AB线电压",
              "KeyCoe": 0.1,
              "StartRegAddr": 32066,
              "EndRegAddr": 32066,
              "DataType": 1,
              "DataFormat": 0,
              "DataProperty": 1,
              "DataBits": null
            },
            {
              "No": 2,
              "KeyMode": "BC线电压",
              "KeyCoe": 0.1,
              "StartRegAddr": 32067,
              "EndRegAddr": 32067,
              "DataType": 1,
              "DataFormat": 0,
              "DataProperty": 1,
              "DataBits": null
            },
            {
              "No": 3,
              "KeyMode": "CA线电压 ",
              "KeyCoe": 0.1,
              "StartRegAddr": 32068,
              "EndRegAddr": 32068,
              "DataType": 1,
              "DataFormat": 0,
              "DataProperty": 1,
              "DataBits": null
            },
            {
              "No": 4,
              "KeyMode": "电网A相电压 ",
              "KeyCoe": 0.1,
              "StartRegAddr": 32069,
              "EndRegAddr": 32069,
              "DataType": 1,
              "DataFormat": 0,
              "DataProperty": 1,
              "DataBits": null
            },
            {
              "No": 5,
              "KeyMode": "电网B相电压",
              "KeyCoe": 0.1,
              "StartRegAddr": 32070,
              "EndRegAddr": 32070,
              "DataType": 1,
              "DataFormat": 0,
              "DataProperty": 1,
              "DataBits": null
            },
            {
              "No": 6,
              "KeyMode": "电网C相电压",
              "KeyCoe": 0.1,
              "StartRegAddr": 32071,
              "EndRegAddr": 32071,
              "DataType": 4,
              "DataFormat": 0,
              "DataProperty": 1,
              "DataBits": null
            },
            {
              "No": 7,
              "KeyMode": "A相电流",
              "KeyCoe": 0.001,
              "StartRegAddr": 32072,
              "EndRegAddr": 32073,
              "DataType": 5,
              "DataFormat": 2,
              "DataProperty": 1,
              "DataBits": null
            },
            {
              "No": 8,
              "KeyMode": "B相电流",
              "KeyCoe": 0.001,
              "StartRegAddr": 32074,
              "EndRegAddr": 32075,
              "DataType": 5,
              "DataFormat": 2,
              "DataProperty": 1,
              "DataBits": null
            },
            {
              "No": 9,
              "KeyMode": "C相电流 ",
              "KeyCoe": 0.001,
              "StartRegAddr": 32076,
              "EndRegAddr": 32077,
              "DataType": 5,
              "DataFormat": 2,
              "DataProperty": 1,
              "DataBits": null
            },
            {
              "No": 10,
              "KeyMode": "当天峰值有功",
              "KeyCoe": 0.001,
              "StartRegAddr": 32078,
              "EndRegAddr": 32079,
              "DataType": 5,
              "DataFormat": 2,
              "DataProperty": 1,
              "DataBits": null
            },
            {
              "No": 11,
              "KeyMode": "有功功率",
              "KeyCoe": 0.001,
              "StartRegAddr": 32080,
              "EndRegAddr": 32081,
              "DataType": 5,
              "DataFormat": 2,
              "DataProperty": 1,
              "DataBits": null
            },
            {
              "No": 12,
              "KeyMode": "无功功率",
              "KeyCoe": 0.001,
              "StartRegAddr": 32082,
              "EndRegAddr": 32083,
              "DataType": 5,
              "DataFormat": 2,
              "DataProperty": 1,
              "DataBits": null
            },
            {
              "No": 13,
              "KeyMode": "功率因数",
              "KeyCoe": 0.001,
              "StartRegAddr": 32084,
              "EndRegAddr": 32084,
              "DataType": 4,
              "DataFormat": 0,
              "DataProperty": 1,
              "DataBits": null
            },
            {
              "No": 14,
              "KeyMode": "电网频率",
              "KeyCoe": 0.01,
              "StartRegAddr": 32085,
              "EndRegAddr": 32085,
              "DataType": 1,
              "DataFormat": 0,
              "DataProperty": 1,
              "DataBits": null
            },
            {
              "No": 15,
              "KeyMode": "效率",
              "KeyCoe": 0.01,
              "StartRegAddr": 32086,
              "EndRegAddr": 32086,
              "DataType": 1,
              "DataFormat": 0,
              "DataProperty": 1,
              "DataBits": null
            },
            {
              "No": 16,
              "KeyMode": "内部温度",
              "KeyCoe": 0.1,
              "StartRegAddr": 32087,
              "EndRegAddr": 32087,
              "DataType": 1,
              "DataFormat": 0,
              "DataProperty": 1,
              "DataBits": null
            },
            {
              "No": 17,
              "KeyMode": "绝缘阻抗值",
              "KeyCoe": 0.001,
              "StartRegAddr": 32088,
              "EndRegAddr": 32088,
              "DataType": 1,
              "DataFormat": 0,
              "DataProperty": 1,
              "DataBits": null
            },
            {
              "No": 18,
              "KeyMode": "开机时间",
              "KeyCoe": 1.0,
              "StartRegAddr": 32091,
              "EndRegAddr": 32092,
              "DataType": 2,
              "DataFormat": 2,
              "DataProperty": 1,
              "DataBits": null
            },
            {
              "No": 19,
              "KeyMode": "关机时间",
              "KeyCoe": 1.0,
              "StartRegAddr": 32093,
              "EndRegAddr": 32094,
              "DataType": 2,
              "DataFormat": 2,
              "DataProperty": 1,
              "DataBits": null
            },
            {
              "No": 20,
              "KeyMode": "累计发电量",
              "KeyCoe": 0.01,
              "StartRegAddr": 32106,
              "EndRegAddr": 32107,
              "DataType": 2,
              "DataFormat": 2,
              "DataProperty": 1,
              "DataBits": null
            },
            {
              "No": 21,
              "KeyMode": "当日发电量",
              "KeyCoe": 0.01,
              "StartRegAddr": 32114,
              "EndRegAddr": 32115,
              "DataType": 2,
              "DataFormat": 2,
              "DataProperty": 1,
              "DataBits": null
            }
          ]
        },
        {
          "ModbusCmd": 3,
          "StoreRegStartAddr": 63,
          "DataItemCount": 16,
          "SlaveDevAddr": 4,
          "ModbusRegAddr": 32008,
          "GetRegCount": 1,
          "AreaNum": 2,
          "DataProperty": 0,
          "DataType": "ModbusDataType_bitField",
          "DataTypeEnum": 6,
          "LowAddr": 32008,
          "HighAddr": 32008,
          "DataFormat": 0,
          "KeyMode": null,
          "KeyCoe": null,
          "DataType_Bit": [
            {
              "No": 0,
              "KeyMode": "输入组串电压高",
              "ModbusRegAddr": 32008,
              "Reverse": 1,
              "Bit": 0
            },
            {
              "No": 1,
              "KeyMode": "直流电弧故障",
              "ModbusRegAddr": 32008,
              "Reverse": 1,
              "Bit": 1
            },
            {
              "No": 2,
              "KeyMode": "组串反接",
              "ModbusRegAddr": 32008,
              "Reverse": 1,
              "Bit": 2
            },
            {
              "No": 3,
              "KeyMode": "组串电流反灌",
              "ModbusRegAddr": 32008,
              "Reverse": 1,
              "Bit": 3
            },
            {
              "No": 4,
              "KeyMode": "组串功率异常",
              "ModbusRegAddr": 32008,
              "Reverse": 1,
              "Bit": 4
            },
            {
              "No": 5,
              "KeyMode": "AFCI自检失败",
              "ModbusRegAddr": 32008,
              "Reverse": 1,
              "Bit": 5
            },
            {
              "No": 6,
              "KeyMode": "电网相线对PE短路",
              "ModbusRegAddr": 32008,
              "Reverse": 1,
              "Bit": 6
            },
            {
              "No": 7,
              "KeyMode": "电网掉电",
              "ModbusRegAddr": 32008,
              "Reverse": 1,
              "Bit": 7
            },
            {
              "No": 8,
              "KeyMode": "电网欠压",
              "ModbusRegAddr": 32008,
              "Reverse": 1,
              "Bit": 8
            },
            {
              "No": 9,
              "KeyMode": "电网过压",
              "ModbusRegAddr": 32008,
              "Reverse": 1,
              "Bit": 9
            },
            {
              "No": 10,
              "KeyMode": "电网电压不平衡 ",
              "ModbusRegAddr": 32008,
              "Reverse": 1,
              "Bit": 10
            },
            {
              "No": 11,
              "KeyMode": "电网过频",
              "ModbusRegAddr": 32008,
              "Reverse": 1,
              "Bit": 11
            },
            {
              "No": 12,
              "KeyMode": "电网欠频 ",
              "ModbusRegAddr": 32008,
              "Reverse": 1,
              "Bit": 12
            },
            {
              "No": 13,
              "KeyMode": "电网频率不稳定 ",
              "ModbusRegAddr": 32008,
              "Reverse": 1,
              "Bit": 13
            },
            {
              "No": 14,
              "KeyMode": "输出过流",
              "ModbusRegAddr": 32008,
              "Reverse": 1,
              "Bit": 14
            },
            {
              "No": 15,
              "KeyMode": "输出电流直流分量过大",
              "ModbusRegAddr": 32008,
              "Reverse": 1,
              "Bit": 15
            }
          ],
          "MultiTypeList": null
        }
      ]
    }
  ]
}
